{
  "mappings": {
    "de/maxhenkel/miningdimension/mixin/WorldOpenFlowsMixin": {
      "confirmWorldCreation": "Lnet/minecraft/client/gui/screens/worldselection/WorldOpenFlows;m_269260_(Lnet/minecraft/client/Minecraft;Lnet/minecraft/client/gui/screens/worldselection/CreateWorldScreen;Lcom/mojang/serialization/Lifecycle;Ljava/lang/Runnable;Z)V"
    }
  },
  "data": {
    "searge": {
      "de/maxhenkel/miningdimension/mixin/WorldOpenFlowsMixin": {
        "confirmWorldCreation": "Lnet/minecraft/client/gui/screens/worldselection/WorldOpenFlows;m_269260_(Lnet/minecraft/client/Minecraft;Lnet/minecraft/client/gui/screens/worldselection/CreateWorldScreen;Lcom/mojang/serialization/Lifecycle;Ljava/lang/Runnable;Z)V"
      }
    }
  }
}