{
	"credit": "Made with Blockbench",
	"parent": "block/block",
	"texture_size": [32, 32],
	"textures": {
		"3": "create:block/cogwheel",
		"5": "create:block/millstone",
		"particle": "create:block/axis",
		"1_0": "create:block/axis",
		"1_1": "create:block/axis_top"
	},
	"elements": [
		{
			"name": "Gear5",
			"from": [6.5, 6.5, -1],
			"to": [9.5, 12.5, 17],
			"faces": {
				"north": {"uv": [14.5, 0.5, 16, 3.5], "texture": "#3"},
				"east": {"uv": [7, 8, 16, 9.5], "texture": "#3"},
				"south": {"uv": [14.5, 0.5, 16, 3.5], "texture": "#3"},
				"west": {"uv": [7, 8, 16, 9.5], "texture": "#3"},
				"up": {"uv": [7, 6, 16, 7.5], "rotation": 90, "texture": "#3"},
				"down": {"uv": [7, 6, 16, 7.5], "rotation": 90, "texture": "#3"}
			}
		},
		{
			"name": "Gear6",
			"from": [6.5, 6.5, -1],
			"to": [9.5, 12.5, 17],
			"rotation": {"angle": 45, "axis": "y", "origin": [8, 8, 8]},
			"faces": {
				"north": {"uv": [14.5, 0.5, 16, 3.5], "texture": "#3"},
				"east": {"uv": [7, 8, 16, 9.5], "texture": "#3"},
				"south": {"uv": [14.5, 0.5, 16, 3.5], "texture": "#3"},
				"west": {"uv": [7, 8, 16, 9.5], "texture": "#3"},
				"up": {"uv": [7, 6, 16, 7.5], "rotation": 90, "texture": "#3"},
				"down": {"uv": [7, 6, 16, 7.5], "rotation": 90, "texture": "#3"}
			}
		},
		{
			"name": "Gear7",
			"from": [-1, 6.5, 6.5],
			"to": [17, 12.5, 9.5],
			"rotation": {"angle": 45, "axis": "y", "origin": [8, 8, 8]},
			"faces": {
				"north": {"uv": [7, 8, 16, 9.5], "texture": "#3"},
				"east": {"uv": [14.5, 0.5, 16, 3.5], "texture": "#3"},
				"south": {"uv": [7, 8, 16, 9.5], "texture": "#3"},
				"west": {"uv": [14.5, 0.5, 16, 3.5], "texture": "#3"},
				"up": {"uv": [7, 6, 16, 7.5], "texture": "#3"},
				"down": {"uv": [7, 6, 16, 7.5], "texture": "#3"}
			}
		},
		{
			"name": "Gear7",
			"from": [-1, 6.5, 6.5],
			"to": [17, 12.5, 9.5],
			"faces": {
				"north": {"uv": [7, 8, 16, 9.5], "texture": "#3"},
				"east": {"uv": [14.5, 0.5, 16, 3.5], "texture": "#3"},
				"south": {"uv": [7, 8, 16, 9.5], "texture": "#3"},
				"west": {"uv": [14.5, 0.5, 16, 3.5], "texture": "#3"},
				"up": {"uv": [7, 6, 16, 7.5], "texture": "#3"},
				"down": {"uv": [7, 6, 16, 7.5], "texture": "#3"}
			}
		},
		{
			"name": "GearCaseInner",
			"from": [2, 7, 2],
			"to": [14, 12, 14],
			"rotation": {"angle": 0, "axis": "y", "origin": [8, 8.5, 8]},
			"faces": {
				"north": {"uv": [0, 6, 6, 7.5], "texture": "#3"},
				"east": {"uv": [0, 6, 6, 7.5], "texture": "#3"},
				"south": {"uv": [0, 6, 6, 7.5], "texture": "#3"},
				"west": {"uv": [0, 6, 6, 7.5], "texture": "#3"},
				"up": {"uv": [4, 0, 10, 6], "texture": "#3"},
				"down": {"uv": [4, 0, 10, 6], "texture": "#3"}
			}
		},
		{
			"name": "GearCaseOuter",
			"from": [4, 6, 4],
			"to": [12, 13, 12],
			"faces": {
				"north": {"uv": [11, 6.5, 15, 10], "texture": "#5"},
				"east": {"uv": [11, 6.5, 15, 10], "texture": "#5"},
				"south": {"uv": [11, 6.5, 15, 10], "texture": "#5"},
				"west": {"uv": [11, 6.5, 15, 10], "texture": "#5"},
				"up": {"uv": [11, 3, 15, 7], "texture": "#5"},
				"down": {"uv": [11, 3, 15, 7], "texture": "#5"}
			}
		},
		{
			"name": "Axis",
			"from": [6, 0, 6],
			"to": [10, 8, 10],
			"shade": false,
			"faces": {
				"north": {"uv": [6, 8, 10, 16], "rotation": 180, "texture": "#1_0"},
				"east": {"uv": [6, 8, 10, 16], "rotation": 180, "texture": "#1_0"},
				"south": {"uv": [6, 8, 10, 16], "rotation": 180, "texture": "#1_0"},
				"west": {"uv": [6, 8, 10, 16], "rotation": 180, "texture": "#1_0"},
				"up": {"uv": [6, 6, 10, 10], "texture": "#1_1"},
				"down": {"uv": [6, 6, 10, 10], "texture": "#1_1"}
			}
		}
	],
	"display": {
		"thirdperson_righthand": {
			"rotation": [75, -149, 0],
			"translation": [0, 2.5, 0],
			"scale": [0.375, 0.375, 0.375]
		},
		"thirdperson_lefthand": {
			"rotation": [75, -149, 0],
			"translation": [0, 2.5, 0],
			"scale": [0.375, 0.375, 0.375]
		},
		"firstperson_righthand": {
			"rotation": [0, -55, 0],
			"scale": [0.4, 0.4, 0.4]
		},
		"firstperson_lefthand": {
			"rotation": [0, -55, 0],
			"scale": [0.4, 0.4, 0.4]
		},
		"ground": {
			"translation": [0, 1, 1.25],
			"scale": [0.25, 0.25, 0.25]
		},
		"gui": {
			"rotation": [30, 45, 0],
			"translation": [2.5, -0.5, 0],
			"scale": [0.625, 0.625, 0.625]
		},
		"fixed": {
			"rotation": [0, 180, 0],
			"translation": [0, 1.75, -4.5],
			"scale": [0.5, 0.5, 0.5]
		}
	},
	"groups": [
		{
			"name": "cogwheel",
			"origin": [8, 8, 8],
			"color": 0,
			"children": [0, 1, 2, 3, 4, 5]
		},
		{
			"name": "shaft_half",
			"origin": [8, 8, 8],
			"color": 0,
			"children": [6]
		}
	]
}