{
	"credit": "Made with Blockbench",
	"parent": "block/block",
	"render_type": "minecraft:translucent",
	"texture_size": [32, 32],
	"textures": {
		"5": "create:block/flywheel",
		"6": "create:block/brass_gearbox",
		"10": "create:block/cogwheel_axis",
		"particle": "createsifter:block/brass_sifter_top"
	},
	"elements": [
		{
			"name": "Gear5",
			"from": [6.5, 5.5, -1],
			"to": [9.5, 9.5, 17],
			"rotation": {"angle": 0, "axis": "y", "origin": [8, 7, 8]},
			"faces": {
				"north": {"uv": [13, 5.5, 15, 7], "rotation": 90, "texture": "#5"},
				"east": {"uv": [13, 7, 15, 16], "rotation": 90, "texture": "#5"},
				"south": {"uv": [13, 5.5, 15, 7], "rotation": 90, "texture": "#5"},
				"west": {"uv": [13, 7, 15, 16], "rotation": 90, "texture": "#5"},
				"up": {"uv": [11.5, 7, 13, 16], "texture": "#5"},
				"down": {"uv": [11.5, 7, 13, 16], "texture": "#5"}
			}
		},
		{
			"name": "Gear6",
			"from": [6.5, 5.5, -1],
			"to": [9.5, 9.5, 17],
			"rotation": {"angle": 45, "axis": "y", "origin": [8, 7, 8]},
			"faces": {
				"north": {"uv": [13, 5.5, 15, 7], "rotation": 90, "texture": "#5"},
				"east": {"uv": [13, 7, 15, 16], "rotation": 90, "texture": "#5"},
				"south": {"uv": [13, 5.5, 15, 7], "rotation": 90, "texture": "#5"},
				"west": {"uv": [13, 7, 15, 16], "rotation": 90, "texture": "#5"},
				"up": {"uv": [11.5, 7, 13, 16], "texture": "#5"},
				"down": {"uv": [11.5, 7, 13, 16], "texture": "#5"}
			}
		},
		{
			"name": "Gear7",
			"from": [-1, 5.5, 6.5],
			"to": [17, 9.5, 9.5],
			"rotation": {"angle": 0, "axis": "y", "origin": [8, 7, 8]},
			"faces": {
				"north": {"uv": [13, 7, 15, 16], "rotation": 90, "texture": "#5"},
				"east": {"uv": [13, 5.5, 15, 7], "rotation": 90, "texture": "#5"},
				"south": {"uv": [13, 7, 15, 16], "rotation": 90, "texture": "#5"},
				"west": {"uv": [13, 5.5, 15, 7], "rotation": 90, "texture": "#5"},
				"up": {"uv": [11.5, 7, 13, 16], "rotation": 90, "texture": "#5"},
				"down": {"uv": [11.5, 7, 13, 16], "rotation": 90, "texture": "#5"}
			}
		},
		{
			"name": "Gear8",
			"from": [-1, 5.5, 6.5],
			"to": [17, 9.5, 9.5],
			"rotation": {"angle": 45, "axis": "y", "origin": [8, 7, 8]},
			"faces": {
				"north": {"uv": [13, 7, 15, 16], "rotation": 90, "texture": "#5"},
				"east": {"uv": [13, 5.5, 15, 7], "rotation": 90, "texture": "#5"},
				"south": {"uv": [13, 7, 15, 16], "rotation": 90, "texture": "#5"},
				"west": {"uv": [13, 5.5, 15, 7], "rotation": 90, "texture": "#5"},
				"up": {"uv": [11.5, 7, 13, 16], "rotation": 90, "texture": "#5"},
				"down": {"uv": [11.5, 7, 13, 16], "rotation": 90, "texture": "#5"}
			}
		},
		{
			"name": "GearCaseInner",
			"from": [2, 6.55, 2],
			"to": [14, 9.45, 14],
			"faces": {
				"north": {"uv": [10, 10, 11.5, 16], "rotation": 90, "texture": "#5"},
				"east": {"uv": [10, 10, 11.5, 16], "rotation": 90, "texture": "#5"},
				"south": {"uv": [10, 10, 11.5, 16], "rotation": 90, "texture": "#5"},
				"west": {"uv": [10, 10, 11.5, 16], "rotation": 90, "texture": "#5"},
				"up": {"uv": [3, 5.5, 6, 8.5], "texture": "#5"},
				"down": {"uv": [3, 5.5, 6, 8.5], "texture": "#5"}
			}
		},
		{
			"name": "GearCaseOuter",
			"from": [4, 6, 4],
			"to": [12, 10, 12],
			"faces": {
				"north": {"uv": [0, 3.5, 4, 5.5], "texture": "#5"},
				"east": {"uv": [0, 4, 4, 6], "texture": "#missing"},
				"south": {"uv": [0, 3.5, 4, 5.5], "texture": "#5"},
				"west": {"uv": [0, 3.5, 4, 5.5], "texture": "#5"},
				"up": {"uv": [4, 4, 12, 12], "texture": "#6"},
				"down": {"uv": [0, 0, 4, 4], "texture": "#missing"}
			}
		},
		{
			"name": "shaft",
			"from": [6, 0, 6],
			"to": [10, 6, 10],
			"faces": {
				"north": {"uv": [6, 0, 10, 5], "texture": "#10"},
				"east": {"uv": [6, 11, 10, 16], "texture": "#10"},
				"south": {"uv": [6, 5, 10, 10], "texture": "#10"},
				"west": {"uv": [6, 0, 10, 5], "texture": "#10"},
				"up": {"uv": [0, 0, 2, 2], "texture": "#10"},
				"down": {"uv": [6, 1, 10, 4], "texture": "#10"}
			}
		}
	],
	"groups": [
		{
			"name": "cogwheel",
			"origin": [8, 8, 8],
			"color": 0,
			"children": [
				0,
				1,
				2,
				3,
				{
					"name": "cogwheel",
					"origin": [8, 8, 8],
					"color": 0,
					"children": [4, 5, 6]
				}
			]
		}
	]
}