{
	"credit": "Made with Blockbench",
	"parent": "block/block",
	"texture_size": [32, 32],
	"textures": {
		"0": "create:block/gearbox",
		"3": "create:block/millstone",
		"4": "block/stripped_oak_log",
		"5": "block/polished_andesite",
		"particle": "create:block/millstone"
	},
	"elements": [
		{
			"name": "bottom1",
			"from": [0, 0, 0],
			"to": [16, 6, 2],
			"faces": {
				"north": {"uv": [8, 13, 0, 16], "texture": "#3"},
				"east": {"uv": [8, 13, 7, 16], "texture": "#3"},
				"south": {"uv": [8, 13, 0, 16], "texture": "#3"},
				"west": {"uv": [1, 13, 0, 16], "texture": "#3"},
				"up": {"uv": [0.5, 9.5, 8.5, 8.5], "texture": "#3"},
				"down": {"uv": [0, 8, 10, 6.5], "texture": "#3"}
			}
		},
		{
			"name": "bottom2",
			"from": [0, 0, 14],
			"to": [16, 6, 16],
			"faces": {
				"north": {"uv": [8, 13, 0, 16], "texture": "#3"},
				"east": {"uv": [8, 13, 7, 16], "texture": "#3"},
				"south": {"uv": [8, 13, 0, 16], "texture": "#3"},
				"west": {"uv": [1, 13, 0, 16], "texture": "#3"},
				"up": {"uv": [0.5, 9.5, 8.5, 8.5], "texture": "#3"},
				"down": {"uv": [0, 8, 10, 6.5], "texture": "#3"}
			}
		},
		{
			"name": "bottom3",
			"from": [0, 0, 2],
			"to": [2, 6, 14],
			"faces": {
				"north": {"uv": [0, 13, 8, 16], "texture": "#3"},
				"east": {"uv": [1, 13, 7, 16], "texture": "#3"},
				"south": {"uv": [0, 0, 0, 0], "texture": "#3"},
				"west": {"uv": [1, 13, 7, 16], "texture": "#3"},
				"up": {"uv": [1, 8.5, 8, 9.5], "rotation": 270, "texture": "#3"},
				"down": {"uv": [1, 8.5, 8, 9.5], "rotation": 270, "texture": "#3"}
			}
		},
		{
			"name": "bottom4",
			"from": [14, 0, 2],
			"to": [16, 6, 14],
			"faces": {
				"north": {"uv": [0, 13, 8, 16], "texture": "#3"},
				"east": {"uv": [8, 13, 0, 16], "texture": "#3"},
				"south": {"uv": [0, 0, 0, 0], "texture": "#3"},
				"west": {"uv": [7, 13, 1, 16], "texture": "#3"},
				"up": {"uv": [4.5, 6.5, 11.5, 5.5], "rotation": 270, "texture": "#5"},
				"down": {"uv": [2, 0, 0, 12], "texture": "#3"}
			}
		},
		{
			"name": "bottom3",
			"from": [0, 0, 2],
			"to": [2, 6, 14],
			"faces": {
				"north": {"uv": [0, 13, 8, 16], "texture": "#3"},
				"east": {"uv": [0, 13, 8, 16], "texture": "#3"},
				"south": {"uv": [0, 0, 0, 0], "texture": "#3"},
				"west": {"uv": [1, 13, 7, 16], "texture": "#3"},
				"up": {"uv": [1, 8.5, 8, 9.5], "rotation": 270, "texture": "#3"},
				"down": {"uv": [1, 8.5, 8, 9.5], "rotation": 270, "texture": "#3"}
			}
		},
		{
			"name": "bottomCenter",
			"from": [2, 1, 2],
			"to": [14, 6, 14],
			"faces": {
				"north": {"uv": [0, 10, 0, 10], "texture": "#3"},
				"east": {"uv": [0, 0, 0, 0], "texture": "#0"},
				"south": {"uv": [0, 0, 0, 0], "texture": "#0"},
				"west": {"uv": [0, 0, 0, 0], "texture": "#0"},
				"up": {"uv": [2, 2, 14, 14], "rotation": 270, "texture": "#5"},
				"down": {"uv": [2, 2, 14, 14], "texture": "#0"}
			}
		},
		{
			"name": "top1",
			"from": [0, 13, 2],
			"to": [2, 16, 16],
			"faces": {
				"north": {"uv": [0, 3, 3, 5], "rotation": 90, "texture": "#4"},
				"east": {"uv": [0, 0, 10, 3], "texture": "#4"},
				"south": {"uv": [0, 0, 3, 2], "rotation": 90, "texture": "#4"},
				"west": {"uv": [0, 0, 3, 10], "rotation": 90, "texture": "#4"},
				"up": {"uv": [5, 3, 7, 13], "texture": "#4"},
				"down": {"uv": [0, 0, 2, 10], "texture": "#4"}
			}
		},
		{
			"name": "top-center",
			"from": [2, 13, 2],
			"to": [14, 15, 14],
			"faces": {
				"north": {"uv": [0, 0, 0, 0], "texture": "#5"},
				"east": {"uv": [0, 0, 0, 0], "texture": "#5"},
				"south": {"uv": [0, 0, 0, 0], "texture": "#5"},
				"west": {"uv": [0, 0, 0, 0], "texture": "#5"},
				"down": {"uv": [11.5, 3.5, 14.5, 6.5], "texture": "#3"}
			}
		},
		{
			"name": "top2",
			"from": [14, 13, 0],
			"to": [16, 16, 14],
			"faces": {
				"north": {"uv": [0, 7, 3, 9], "rotation": 90, "texture": "#4"},
				"east": {"uv": [0, 10, 3, 0], "rotation": 90, "texture": "#4"},
				"south": {"uv": [0, 0, 3, 2], "rotation": 90, "texture": "#4"},
				"west": {"uv": [10, 0, 0, 3], "texture": "#4"},
				"up": {"uv": [5, 2, 3, 12], "texture": "#4"},
				"down": {"uv": [2, 0, 0, 10], "texture": "#4"}
			}
		},
		{
			"name": "top3",
			"from": [2, 13, 14],
			"to": [16, 16, 16],
			"faces": {
				"north": {"uv": [0, 0, 6, 3], "texture": "#4"},
				"east": {"uv": [0, 0, 2, 3], "texture": "#4"},
				"south": {"uv": [0, 3, 3, 9], "rotation": 90, "texture": "#4"},
				"west": {"uv": [0, 0, 2, 3], "texture": "#4"},
				"up": {"uv": [10, 4, 12, 10], "rotation": 90, "texture": "#4"},
				"down": {"uv": [0, 0, 6, 2], "texture": "#4"}
			}
		},
		{
			"name": "top4",
			"from": [0, 13, 0],
			"to": [14, 16, 2],
			"faces": {
				"north": {"uv": [0, 9, 3, 3], "rotation": 90, "texture": "#4"},
				"east": {"uv": [2, 0, 0, 3], "texture": "#4"},
				"south": {"uv": [6, 0, 0, 3], "texture": "#4"},
				"west": {"uv": [2, 0, 0, 3], "texture": "#4"},
				"up": {"uv": [7, 3, 5, 9], "rotation": 270, "texture": "#4"},
				"down": {"uv": [0, 2, 6, 0], "texture": "#4"}
			}
		},
		{
			"name": "col1",
			"from": [0, 6, 0],
			"to": [2, 13, 2],
			"faces": {
				"north": {"uv": [13, 9, 16, 16], "texture": "#4"},
				"east": {"uv": [0, 0, 2, 7], "texture": "#4"},
				"south": {"uv": [0, 0, 2, 7], "texture": "#4"},
				"west": {"uv": [0, 9, 3, 16], "texture": "#4"},
				"up": {"uv": [0, 0, 2, 2], "texture": "#4"},
				"down": {"uv": [0, 0, 2, 2], "texture": "#4"}
			}
		},
		{
			"name": "col2",
			"from": [0, 6, 14],
			"to": [2, 13, 16],
			"faces": {
				"north": {"uv": [0, 0, 2, 7], "texture": "#4"},
				"east": {"uv": [0, 0, 2, 7], "texture": "#4"},
				"south": {"uv": [0, 9, 3, 16], "texture": "#4"},
				"west": {"uv": [13, 9, 16, 16], "texture": "#4"},
				"up": {"uv": [0, 0, 2, 2], "texture": "#4"},
				"down": {"uv": [0, 0, 2, 2], "texture": "#4"}
			}
		},
		{
			"name": "col3",
			"from": [14, 6, 14],
			"to": [16, 13, 16],
			"faces": {
				"north": {"uv": [0, 0, 2, 7], "texture": "#4"},
				"east": {"uv": [0, 9, 3, 16], "texture": "#4"},
				"south": {"uv": [13, 9, 16, 16], "texture": "#4"},
				"west": {"uv": [0, 0, 2, 7], "texture": "#4"},
				"up": {"uv": [0, 0, 2, 2], "texture": "#4"},
				"down": {"uv": [0, 0, 2, 2], "texture": "#4"}
			}
		},
		{
			"name": "col4",
			"from": [14, 6, 0],
			"to": [16, 13, 2],
			"faces": {
				"north": {"uv": [0, 9, 3, 16], "texture": "#4"},
				"east": {"uv": [13, 9, 16, 16], "texture": "#4"},
				"south": {"uv": [0, 0, 2, 7], "texture": "#4"},
				"west": {"uv": [0, 0, 2, 7], "texture": "#4"},
				"up": {"uv": [0, 0, 2, 2], "texture": "#4"},
				"down": {"uv": [0, 0, 2, 2], "texture": "#4"}
			}
		},
		{
			"name": "Gear5",
			"from": [6.5, 6.5, -1],
			"to": [9.5, 12.5, 17],
			"faces": {
				"north": {"uv": [9, 10, 10.5, 13], "texture": "#3"},
				"east": {"uv": [0, 10, 9, 13], "texture": "#3"},
				"south": {"uv": [9, 10, 10.5, 13], "texture": "#3"},
				"west": {"uv": [0, 10, 9, 13], "texture": "#3"},
				"up": {"uv": [0, 8.5, 9, 10], "rotation": 90, "texture": "#3"},
				"down": {"uv": [0, 8.5, 9, 10], "rotation": 90, "texture": "#3"}
			}
		},
		{
			"name": "Gear6",
			"from": [6.5, 6.5, -1],
			"to": [9.5, 12.5, 17],
			"rotation": {"angle": 45, "axis": "y", "origin": [8, 8, 8]},
			"faces": {
				"north": {"uv": [0, 10, 9, 13], "rotation": 90, "texture": "#3"},
				"east": {"uv": [0, 10, 9, 13], "texture": "#3"},
				"south": {"uv": [9, 10, 10.5, 13], "rotation": 90, "texture": "#3"},
				"west": {"uv": [0, 10, 9, 13], "texture": "#3"},
				"up": {"uv": [0, 8.5, 9, 10], "rotation": 90, "texture": "#3"},
				"down": {"uv": [0, 8.5, 9, 10], "rotation": 90, "texture": "#3"}
			}
		},
		{
			"name": "Gear7",
			"from": [-1, 6.5, 6.5],
			"to": [17, 12.5, 9.5],
			"rotation": {"angle": 45, "axis": "y", "origin": [8, 8, 8]},
			"faces": {
				"north": {"uv": [0, 10, 9, 13], "texture": "#3"},
				"east": {"uv": [0, 10, 9, 13], "texture": "#3"},
				"south": {"uv": [0, 10, 9, 13], "texture": "#3"},
				"west": {"uv": [9, 10, 10.5, 13], "texture": "#3"},
				"up": {"uv": [0, 8.5, 9, 10], "texture": "#3"},
				"down": {"uv": [0, 8.5, 9, 10], "texture": "#3"}
			}
		},
		{
			"name": "Gear7",
			"from": [-1, 6.5, 6.5],
			"to": [17, 12.5, 9.5],
			"faces": {
				"north": {"uv": [0, 10, 9, 13], "texture": "#3"},
				"east": {"uv": [0, 10, 9, 13], "texture": "#3"},
				"south": {"uv": [0, 10, 9, 13], "texture": "#3"},
				"west": {"uv": [9, 10, 10.5, 13], "texture": "#3"},
				"up": {"uv": [0, 8.5, 9, 10], "texture": "#3"},
				"down": {"uv": [0, 8.5, 9, 10], "texture": "#3"}
			}
		},
		{
			"name": "GearCaseInner",
			"from": [2, 7, 2],
			"to": [14, 12, 14],
			"rotation": {"angle": 0, "axis": "y", "origin": [8, 8.5, 8]},
			"faces": {
				"north": {"uv": [0, 6.5, 6, 8.5], "texture": "#3"},
				"east": {"uv": [0, 6.5, 6, 8.5], "texture": "#3"},
				"south": {"uv": [0, 6.5, 6, 8.5], "texture": "#3"},
				"west": {"uv": [0, 6.5, 6, 8.5], "texture": "#3"},
				"up": {"uv": [0, 0, 6, 6], "texture": "#3"},
				"down": {"uv": [0, 0, 6, 6], "texture": "#3"}
			}
		},
		{
			"name": "GearCaseOuter",
			"from": [4, 6, 4],
			"to": [12, 13, 12],
			"faces": {
				"north": {"uv": [10, 6.5, 16, 9], "texture": "#3"},
				"east": {"uv": [10, 6.5, 16, 9], "texture": "#3"},
				"south": {"uv": [11, 6.5, 15, 10], "rotation": 180, "texture": "#3"},
				"west": {"uv": [11, 6.5, 15, 10], "texture": "#3"},
				"up": {"uv": [11, 3, 15, 7], "texture": "#3"},
				"down": {"uv": [11, 3, 15, 7], "texture": "#3"}
			}
		}
	],
	"groups": [
		{
			"name": "bottom",
			"origin": [8, 8, 8],
			"color": 0,
			"children": [0, 1, 2, 3, 4, 5]
		},
		{
			"name": "top",
			"origin": [0, 0, 0],
			"color": 0,
			"children": [
				{
					"name": "top-sq",
					"origin": [8, 8, 8],
					"color": 0,
					"children": [6, 7, 8, 9, 10]
				}
			]
		},
		{
			"name": "columns",
			"origin": [8, 8, 8],
			"color": 0,
			"children": [11, 12, 13, 14]
		},
		{
			"name": "cogwheel",
			"origin": [8, 8, 8],
			"color": 0,
			"children": [15, 16, 17, 18, 19, 20]
		}
	]
}