{
	"credit": "Made with Blockbench",
	"parent": "block/block",
	"render_type": "minecraft:translucent",
	"texture_size": [32, 32],
	"textures": {
		"4": "createsifter:block/brass_sifter_side",
		"5": "createsifter:block/brass_sifter_top",
		"6": "create:block/brass_gearbox",
		"7": "create:block/brass_block",
		"9": "create:block/flywheel",
		"10": "create:block/cogwheel_axis",
		"particle": "createsifter:block/brass_sifter_top"
	},
	"elements": [
		{
			"name": "Top",
			"from": [0, 10, 0],
			"to": [2, 16, 16],
			"faces": {
				"north": {"uv": [14, 0, 16, 6], "texture": "#4"},
				"east": {"uv": [0, 0, 16, 6], "texture": "#4"},
				"south": {"uv": [0, 0, 2, 6], "texture": "#4"},
				"west": {"uv": [0, 0, 16, 6], "texture": "#4"},
				"up": {"uv": [0, 0, 16, 2], "rotation": 270, "texture": "#5"},
				"down": {"uv": [0, 12, 16, 14], "rotation": 90, "texture": "#7"}
			}
		},
		{
			"name": "Top",
			"from": [14, 10, 0],
			"to": [16, 16, 16],
			"faces": {
				"north": {"uv": [0, 0, 2, 6], "texture": "#4"},
				"east": {"uv": [0, 0, 16, 6], "texture": "#4"},
				"south": {"uv": [14, 0, 16, 6], "texture": "#4"},
				"west": {"uv": [0, 0, 16, 6], "texture": "#4"},
				"up": {"uv": [0, 14, 16, 16], "rotation": 270, "texture": "#5"},
				"down": {"uv": [1, 2.5, 8.5, 3.5], "rotation": 90, "texture": "#9"}
			}
		},
		{
			"name": "Top",
			"from": [2, 10, 0],
			"to": [14, 16, 2],
			"faces": {
				"north": {"uv": [2, 0, 14, 6], "texture": "#4"},
				"east": {"uv": [0, 0, 1, 2], "texture": "#missing"},
				"south": {"uv": [2, 0, 14, 6], "texture": "#4"},
				"west": {"uv": [0, 0, 1, 2], "texture": "#missing"},
				"up": {"uv": [2, 0, 14, 2], "texture": "#5"},
				"down": {"uv": [12, 2, 14, 14], "rotation": 90, "texture": "#7"}
			}
		},
		{
			"name": "Top",
			"from": [2, 10, 14],
			"to": [14, 16, 16],
			"faces": {
				"north": {"uv": [2, 0, 14, 6], "texture": "#4"},
				"east": {"uv": [0, 0, 1, 2], "texture": "#missing"},
				"south": {"uv": [2, 0, 14, 6], "texture": "#4"},
				"west": {"uv": [0, 0, 1, 2], "texture": "#missing"},
				"up": {"uv": [2, 14, 14, 16], "texture": "#5"},
				"down": {"uv": [12, 2, 14, 14], "rotation": 90, "texture": "#7"}
			}
		},
		{
			"name": "Bottom",
			"from": [0, 1, 0],
			"to": [16, 6, 16],
			"faces": {
				"north": {"uv": [0, 10, 16, 15], "texture": "#4"},
				"east": {"uv": [0, 10, 16, 15], "texture": "#4"},
				"south": {"uv": [0, 10, 16, 15], "texture": "#4"},
				"west": {"uv": [0, 10, 16, 15], "texture": "#4"},
				"up": {"uv": [0, 0, 16, 16], "texture": "#5"},
				"down": {"uv": [0, 0, 16, 16], "texture": "#6"}
			}
		},
		{
			"name": "Side1",
			"from": [16, 6, 0],
			"to": [16, 10, 16],
			"rotation": {"angle": 0, "axis": "y", "origin": [24, 8, 8]},
			"faces": {
				"east": {"uv": [0, 6, 16, 10], "texture": "#4"},
				"west": {"uv": [0, 3, 16, 7], "texture": "#4"}
			}
		},
		{
			"name": "Side2",
			"from": [0, 6, 0],
			"to": [0, 10, 16],
			"rotation": {"angle": 0, "axis": "y", "origin": [-8, 8, 8]},
			"faces": {
				"east": {"uv": [0, 3, 16, 7], "texture": "#4"},
				"west": {"uv": [0, 6, 16, 10], "texture": "#4"}
			}
		},
		{
			"name": "Side3",
			"from": [0, 6, 0],
			"to": [16, 10, 0],
			"rotation": {"angle": 0, "axis": "y", "origin": [8, 8, -8]},
			"faces": {
				"north": {"uv": [0, 6, 16, 10], "texture": "#4"},
				"south": {"uv": [0, 3, 16, 7], "texture": "#4"}
			}
		},
		{
			"name": "Side4",
			"from": [0, 6, 16],
			"to": [16, 10, 16],
			"rotation": {"angle": 0, "axis": "y", "origin": [8, 8, 24]},
			"faces": {
				"north": {"uv": [0, 3, 16, 7], "texture": "#4"},
				"south": {"uv": [0, 6, 16, 10], "texture": "#4"}
			}
		},
		{
			"name": "bottom",
			"from": [0, 0, 0],
			"to": [16, 1, 2],
			"faces": {
				"north": {"uv": [0, 0, 16, 1], "texture": "#5"},
				"east": {"uv": [14, 0, 16, 1], "texture": "#5"},
				"south": {"uv": [2, 1, 14, 2], "texture": "#5"},
				"west": {"uv": [0, 0, 2, 1], "texture": "#5"},
				"up": {"uv": [0, 0, 8, 1], "texture": "#5"},
				"down": {"uv": [0, 14, 16, 16], "texture": "#5"}
			}
		},
		{
			"name": "bottom",
			"from": [0, 0, 14],
			"to": [16, 1, 16],
			"faces": {
				"north": {"uv": [2, 1, 14, 2], "texture": "#5"},
				"east": {"uv": [0, 0, 2, 1], "texture": "#5"},
				"south": {"uv": [0, 0, 8, 0.5], "texture": "#5"},
				"west": {"uv": [14, 0, 16, 1], "texture": "#5"},
				"up": {"uv": [0, 0, 8, 1], "texture": "#5"},
				"down": {"uv": [0, 0, 16, 2], "texture": "#5"}
			}
		},
		{
			"name": "bottom",
			"from": [0, 0, 2],
			"to": [2, 1, 14],
			"faces": {
				"north": {"uv": [0, 0, 1, 0.5], "texture": "#5"},
				"east": {"uv": [2, 1, 14, 2], "texture": "#5"},
				"south": {"uv": [0, 0, 1, 0.5], "texture": "#5"},
				"west": {"uv": [0, 0, 6, 0.5], "texture": "#5"},
				"up": {"uv": [0, 0, 1, 6], "texture": "#5"},
				"down": {"uv": [0, 2, 2, 14], "texture": "#5"}
			}
		},
		{
			"name": "bottom",
			"from": [14, 0, 2],
			"to": [16, 1, 14],
			"faces": {
				"north": {"uv": [0, 0, 1, 0.5], "texture": "#5"},
				"east": {"uv": [2, 0, 14, 1], "texture": "#5"},
				"south": {"uv": [0, 0, 1, 0.5], "texture": "#5"},
				"west": {"uv": [2, 14, 14, 15], "texture": "#5"},
				"up": {"uv": [0, 0, 1, 6], "texture": "#5"},
				"down": {"uv": [14, 2, 16, 14], "texture": "#5"}
			}
		},
		{
			"name": "Gear5",
			"from": [6.5, 6, -1],
			"to": [9.5, 10, 17],
			"rotation": {"angle": 0, "axis": "y", "origin": [8, 7, 8]},
			"faces": {
				"north": {"uv": [13, 5.5, 15, 7], "rotation": 90, "texture": "#9"},
				"east": {"uv": [13, 7, 15, 16], "rotation": 90, "texture": "#9"},
				"south": {"uv": [13, 5.5, 15, 7], "rotation": 90, "texture": "#9"},
				"west": {"uv": [13, 7, 15, 16], "rotation": 90, "texture": "#9"},
				"up": {"uv": [11.5, 7, 13, 16], "texture": "#9"},
				"down": {"uv": [11.5, 7, 13, 16], "texture": "#9"}
			}
		},
		{
			"name": "Gear6",
			"from": [6.5, 6, -1],
			"to": [9.5, 10, 17],
			"rotation": {"angle": 45, "axis": "y", "origin": [8, 7, 8]},
			"faces": {
				"north": {"uv": [13, 5.5, 15, 7], "rotation": 90, "texture": "#9"},
				"east": {"uv": [13, 7, 15, 16], "rotation": 90, "texture": "#9"},
				"south": {"uv": [13, 5.5, 15, 7], "rotation": 90, "texture": "#9"},
				"west": {"uv": [13, 7, 15, 16], "rotation": 90, "texture": "#9"},
				"up": {"uv": [11.5, 7, 13, 16], "texture": "#9"},
				"down": {"uv": [11.5, 7, 13, 16], "texture": "#9"}
			}
		},
		{
			"name": "Gear7",
			"from": [-1, 6, 6.5],
			"to": [17, 10, 9.5],
			"rotation": {"angle": 0, "axis": "y", "origin": [8, 7, 8]},
			"faces": {
				"north": {"uv": [13, 7, 15, 16], "rotation": 90, "texture": "#9"},
				"east": {"uv": [13, 5.5, 15, 7], "rotation": 90, "texture": "#9"},
				"south": {"uv": [13, 7, 15, 16], "rotation": 90, "texture": "#9"},
				"west": {"uv": [13, 5.5, 15, 7], "rotation": 90, "texture": "#9"},
				"up": {"uv": [11.5, 7, 13, 16], "rotation": 90, "texture": "#9"},
				"down": {"uv": [11.5, 7, 13, 16], "rotation": 90, "texture": "#9"}
			}
		},
		{
			"name": "Gear8",
			"from": [-1, 6, 6.5],
			"to": [17, 10, 9.5],
			"rotation": {"angle": 45, "axis": "y", "origin": [8, 7, 8]},
			"faces": {
				"north": {"uv": [13, 7, 15, 16], "rotation": 90, "texture": "#9"},
				"east": {"uv": [13, 5.5, 15, 7], "rotation": 90, "texture": "#9"},
				"south": {"uv": [13, 7, 15, 16], "rotation": 90, "texture": "#9"},
				"west": {"uv": [13, 5.5, 15, 7], "rotation": 90, "texture": "#9"},
				"up": {"uv": [11.5, 7, 13, 16], "rotation": 90, "texture": "#9"},
				"down": {"uv": [11.5, 7, 13, 16], "rotation": 90, "texture": "#9"}
			}
		},
		{
			"name": "GearCaseInner",
			"from": [2, 6, 2],
			"to": [14, 8.9, 14],
			"faces": {
				"north": {"uv": [10, 10, 11.5, 16], "rotation": 90, "texture": "#9"},
				"east": {"uv": [10, 10, 11.5, 16], "rotation": 90, "texture": "#9"},
				"south": {"uv": [10, 10, 11.5, 16], "rotation": 90, "texture": "#9"},
				"west": {"uv": [10, 10, 11.5, 16], "rotation": 90, "texture": "#9"},
				"up": {"uv": [3, 5.5, 6, 8.5], "texture": "#9"},
				"down": {"uv": [3, 5.5, 6, 8.5], "texture": "#9"}
			}
		},
		{
			"name": "GearCaseOuter",
			"from": [4, 6.5, 4],
			"to": [12, 10.5, 12],
			"faces": {
				"north": {"uv": [0, 3.5, 4, 5.5], "texture": "#9"},
				"east": {"uv": [0, 4, 4, 6], "texture": "#9"},
				"south": {"uv": [0, 3.5, 4, 5.5], "texture": "#9"},
				"west": {"uv": [0, 3.5, 4, 5.5], "texture": "#9"},
				"up": {"uv": [4, 4, 12, 12], "texture": "#6"},
				"down": {"uv": [0, 0, 4, 4], "texture": "#9"}
			}
		},
		{
			"name": "shaft",
			"from": [6, 0, 6],
			"to": [10, 6, 10],
			"faces": {
				"north": {"uv": [6, 0, 10, 5], "texture": "#10"},
				"east": {"uv": [6, 11, 10, 16], "texture": "#10"},
				"south": {"uv": [6, 5, 10, 10], "texture": "#10"},
				"west": {"uv": [6, 0, 10, 5], "texture": "#10"},
				"up": {"uv": [0, 0, 2, 2], "texture": "#10"},
				"down": {"uv": [6, 1, 10, 4], "texture": "#10"}
			}
		}
	],
	"groups": [
		{
			"name": "top",
			"origin": [0, 0, 0],
			"color": 0,
			"children": [0, 1, 2, 3]
		},
		4,
		{
			"name": "side",
			"origin": [8, 8, 24],
			"color": 0,
			"children": [5, 6, 7, 8]
		},
		{
			"name": "lid",
			"origin": [8, 8, 8],
			"color": 0,
			"children": []
		},
		{
			"name": "bottom",
			"origin": [0, 0, 0],
			"color": 0,
			"children": [9, 10, 11, 12]
		},
		{
			"name": "cogwheel",
			"origin": [8, 8, 8],
			"color": 0,
			"children": [
				13,
				14,
				15,
				16,
				{
					"name": "cogwheel",
					"origin": [8, 8, 8],
					"color": 0,
					"children": [17, 18, 19]
				}
			]
		}
	]
}